,,Number (Thousands),Percent Distribution,Percent Distribution,Percent Distribution,Percent Distribution,Percent Distribution,Percent Distribution,Percent Distribution,Percent Distribution,Percent Distribution,Percent Distribution,Median Income,Median Income,Mean Income,Mean Income
,,Number (Thousands),Total,Under $15000,$15000 to $24999,$25000 to $34999,$35000 to $49999,$50000 to $74999,$75000 to $99999,$100000 to $149999,$150000 to $199999,$200000 and over,Estimate,Margin of error,Estimate,Margin of error
All Races,2021,131202.0,100.0,9.3,8.1,7.8,10.9,16.2,11.9,15.9,8.3,11.6,70784.0,605.0,102316.0,1029.0
All Races,2020,129244.0,100.0,8.8,8.2,8.1,11.0,16.2,12.3,15.8,8.4,11.3,71186.0,921.0,102020.0,1098.0
All Races,2019,128451.0,100.0,8.5,7.5,8.0,11.3,16.1,12.1,16.3,8.7,11.5,72808.0,959.0,103949.0,1104.0
All Races,2018,128579.0,100.0,9.4,8.3,8.4,11.5,16.4,12.8,15.6,7.9,9.8,68168.0,746.0,97129.0,969.0
All Races,2017,127669.0,100.0,9.4,8.6,8.6,11.8,15.8,12.6,15.2,7.7,10.1,67571.0,585.0,96868.0,1037.0
All Races,2017,127586.0,100.0,9.5,8.8,8.5,11.8,15.6,12.8,15.3,7.9,9.7,67832.0,609.0,95296.0,945.0
All Races,2016,126224.0,100.0,9.8,8.5,8.6,11.8,16.5,12.2,15.6,7.8,9.2,66657.0,810.0,93871.0,871.0
All Races,2015,125819.0,100.0,9.8,9.3,9.3,11.7,16.2,12.1,15.7,7.6,8.4,64631.0,604.0,90645.0,758.0
All Races,2014,124587.0,100.0,10.7,9.7,9.5,12.0,16.6,11.9,14.7,7.1,7.8,61468.0,739.0,86763.0,840.0
All Races,2013,123931.0,100.0,10.5,9.9,9.2,11.8,16.5,12.4,14.5,7.1,8.0,62425.0,1253.0,87599.0,1272.0
All Races,2013,122952.0,100.0,10.4,10.1,9.5,12.1,16.9,12.9,14.2,6.9,6.9,60507.0,529.0,84624.0,956.0
All Races,2012,122459.0,100.0,10.4,10.3,9.2,12.9,16.6,12.5,14.5,6.8,6.9,60313.0,406.0,84262.0,819.0
All Races,2011,121084.0,100.0,10.6,9.8,9.2,13.3,17.0,12.2,14.4,6.8,6.8,60428.0,498.0,84118.0,731.0
All Races,2010,119927.0,100.0,10.6,10.1,9.1,12.8,16.6,12.3,14.9,6.9,6.8,61364.0,666.0,83924.0,737.0
All Races,2009,117538.0,100.0,9.3,9.4,9.6,12.5,17.1,12.8,15.3,7.0,7.1,63011.0,444.0,86048.0,506.0
All Races,2008,117181.0,100.0,9.3,9.3,9.5,12.4,16.8,12.9,15.6,7.2,7.0,63455.0,284.0,86314.0,502.0
All Races,2007,116783.0,100.0,8.9,9.4,8.9,12.0,17.1,12.8,15.9,7.5,7.4,65801.0,302.0,88562.0,509.0
All Races,2006,116011.0,100.0,9.0,8.9,8.8,12.8,17.2,12.6,15.8,7.2,7.7,64930.0,459.0,89674.0,569.0
All Races,2005,114384.0,100.0,9.3,9.0,9.4,12.1,17.1,13.0,15.8,7.0,7.4,64427.0,355.0,88094.0,547.0
All Races,2004,113343.0,100.0,9.5,9.1,9.1,12.3,17.4,12.7,15.8,7.0,7.1,63745.0,464.0,86940.0,539.0
All Races,2003,112000.0,100.0,9.4,9.3,8.7,12.4,17.2,12.5,16.1,7.2,7.1,63967.0,457.0,87223.0,525.0
All Races,2002,111278.0,100.0,9.0,9.5,8.7,12.6,16.7,13.4,15.9,7.4,6.8,64047.0,345.0,87369.0,539.0
All Races,2001,109297.0,100.0,8.7,9.3,8.5,12.6,16.9,13.4,16.1,7.2,7.3,64779.0,326.0,89293.0,585.0
All Races,2000,108209.0,100.0,8.4,8.9,8.6,12.5,17.1,13.4,16.3,7.4,7.3,66248.0,343.0,90142.0,584.0
All Races,1999,106434.0,100.0,8.3,9.0,8.7,12.6,16.9,13.5,16.3,7.3,7.3,66385.0,510.0,89289.0,762.0
All Races,1998,103874.0,100.0,9.1,9.3,8.7,12.4,17.2,13.7,16.2,7.1,6.4,64781.0,630.0,86389.0,767.0
All Races,1997,102528.0,100.0,9.4,9.5,9.3,12.2,17.9,13.3,15.9,6.5,6.0,62484.0,475.0,83907.0,772.0
All Races,1996,101018.0,100.0,9.7,9.9,9.4,12.6,17.8,13.4,15.8,6.0,5.5,61225.0,508.0,81289.0,749.0
All Races,1995,99627.0,100.0,9.7,10.0,9.4,13.0,18.4,13.5,15.1,5.9,5.0,60348.0,574.0,79584.0,717.0
All Races,1994,98990.0,100.0,10.5,10.1,9.6,13.1,18.1,13.0,15.0,5.6,4.9,58515.0,439.0,78228.0,692.0
All Races,1993,97107.0,100.0,10.9,10.1,9.4,13.5,18.3,13.0,14.5,5.7,4.5,57843.0,445.0,76704.0,682.0
All Races,1992,96426.0,100.0,10.8,10.4,9.4,13.2,18.4,13.7,14.7,5.5,4.0,58153.0,453.0,73726.0,509.0
All Races,1991,95669.0,100.0,10.6,9.9,9.1,13.6,18.7,13.9,14.7,5.6,4.0,58607.0,464.0,73773.0,499.0
All Races,1990,94312.0,100.0,10.2,9.6,9.0,13.0,19.5,13.7,15.0,5.5,4.4,60370.0,507.0,75411.0,524.0
All Races,1989,93347.0,100.0,9.8,9.4,9.5,12.7,18.9,14.0,15.5,5.8,4.5,61153.0,553.0,77261.0,553.0
All Races,1988,92830.0,100.0,10.5,9.4,9.2,12.9,18.5,14.6,15.3,5.4,4.3,60115.0,483.0,75112.0,552.0
All Races,1987,91124.0,100.0,10.8,9.5,9.3,12.9,18.7,14.3,15.2,5.3,3.9,59624.0,463.0,74149.0,501.0
All Races,1986,89479.0,100.0,11.1,9.6,9.1,13.5,18.7,14.4,14.8,5.1,3.7,58920.0,502.0,72793.0,487.0
All Races,1985,88458.0,100.0,11.1,10.0,9.6,13.7,19.5,14.0,14.3,4.6,3.2,56871.0,507.0,69990.0,456.0
All Races,1984,86789.0,100.0,11.1,10.5,9.8,13.9,19.6,13.7,14.0,4.5,3.0,55828.0,418.0,68403.0,414.0
All Races,1983,85407.0,100.0,11.4,10.4,10.3,14.1,19.7,14.0,13.3,4.0,2.6,54182.0,405.0,65897.0,405.0
All Races,1982,83918.0,100.0,11.7,10.5,10.1,14.0,20.4,13.9,13.1,3.8,2.6,54564.0,405.0,65758.0,400.0
All Races,1981,83527.0,100.0,11.5,10.3,10.7,13.8,20.0,14.3,13.4,3.8,2.2,54713.0,472.0,65363.0,392.0
All Races,1980,82368.0,100.0,11.0,10.4,10.2,13.7,20.2,15.0,13.4,4.0,2.2,55596.0,470.0,66122.0,398.0
All Races,1979,80776.0,100.0,10.8,9.9,9.6,13.7,20.1,15.3,13.9,4.1,2.6,57462.0,448.0,68259.0,425.0
All Races,1978,77330.0,100.0,10.5,10.3,9.7,13.7,20.1,15.5,13.9,3.9,2.4,57572.0,384.0,67761.0,428.0
All Races,1977,76030.0,100.0,10.8,11.0,9.7,13.9,20.6,14.9,13.5,3.3,2.2,55427.0,343.0,65751.0,329.0
All Races,1976,74142.0,100.0,11.0,10.6,10.1,13.9,21.2,15.3,12.7,3.2,2.0,55078.0,336.0,64786.0,329.0
All Races,1975,72867.0,100.0,11.2,10.9,10.0,14.2,21.7,14.8,12.4,2.9,1.8,54180.0,363.0,63266.0,325.0
All Races,1974,71163.0,100.0,10.8,10.2,9.7,14.4,21.7,15.3,12.5,3.3,2.0,55636.0,351.0,65062.0,335.0
All Races,1973,69859.0,100.0,10.7,10.4,9.1,13.4,21.5,15.7,13.4,3.6,2.3,57456.0,360.0,66447.0,333.0
All Races,1972,68251.0,100.0,11.4,10.0,9.6,13.7,21.8,15.6,12.5,3.3,2.2,56319.0,353.0,65548.0,334.0
All Races,1971,66676.0,100.0,12.4,9.7,9.8,14.7,23.2,14.6,11.3,2.8,1.6,54006.0,344.0,62111.0,325.0
All Races,1970,64778.0,100.0,12.4,9.6,9.4,14.5,23.5,14.9,11.3,2.8,1.7,54536.0,329.0,62448.0,329.0
All Races,1969,63401.0,100.0,12.3,9.3,9.2,14.6,23.8,15.5,11.1,2.7,1.6,54962.0,334.0,62530.0,323.0
All Races,1968,62214.0,100.0,12.5,9.7,9.6,15.5,24.3,14.9,9.9,2.2,1.3,52992.0,315.0,59953.0,315.0
All Races,1967,60813.0,100.0,13.8,10.0,9.0,17.1,24.6,13.3,8.7,2.1,1.4,50803.0,304.0,56820.0,304.0
White Alone,2021,102057.0,100.0,8.2,7.6,7.6,10.8,16.2,12.3,16.6,8.6,12.1,74262.0,912.0,105804.0,1183.0
White Alone,2020,100931.0,100.0,7.5,7.7,7.9,10.9,16.1,12.7,16.5,8.8,11.8,74978.0,771.0,105209.0,1250.0
White Alone,2019,100568.0,100.0,7.2,7.1,7.5,11.1,16.3,12.5,17.0,9.1,12.2,76519.0,848.0,107812.0,1264.0
White Alone,2018,100528.0,100.0,7.8,7.8,8.1,11.3,16.6,13.3,16.4,8.3,10.4,72229.0,697.0,101366.0,1115.0
White Alone,2017,100113.0,100.0,8.0,8.1,8.3,11.6,16.0,13.0,16.0,8.2,10.8,71658.0,931.0,101153.0,1167.0
White Alone,2017,100065.0,100.0,8.0,8.3,8.3,11.5,15.8,13.1,16.2,8.5,10.3,72144.0,756.0,99067.0,1095.0
White Alone,2016,99400.0,100.0,8.3,8.0,8.4,11.7,16.8,12.5,16.5,8.2,9.7,69840.0,620.0,97485.0,992.0
White Alone,2015,99313.0,100.0,8.1,8.8,9.2,11.7,16.2,12.5,16.6,7.9,8.9,68740.0,717.0,94033.0,884.0
White Alone,2014,98679.0,100.0,9.2,9.3,9.2,11.9,16.8,12.4,15.5,7.5,8.4,65144.0,669.0,90374.0,986.0
White Alone,2013,98807.0,100.0,9.0,9.6,9.0,11.6,16.6,13.0,15.2,7.5,8.5,66106.0,991.0,90663.0,1453.0
White Alone,2013,97774.0,100.0,8.8,9.6,9.2,12.0,17.1,13.5,14.9,7.4,7.4,64372.0,814.0,88350.0,1043.0
White Alone,2012,97705.0,100.0,8.7,9.9,9.1,12.8,16.7,13.0,15.3,7.2,7.4,63492.0,747.0,87976.0,902.0
White Alone,2011,96964.0,100.0,8.9,9.3,9.0,13.2,17.3,12.7,15.1,7.2,7.4,63036.0,447.0,87903.0,838.0
White Alone,2010,96306.0,100.0,8.8,9.8,8.8,12.8,16.9,12.6,15.8,7.3,7.3,64394.0,518.0,87685.0,830.0
White Alone,2009,95489.0,100.0,7.8,9.0,9.4,12.3,17.3,13.2,16.0,7.5,7.5,65649.0,321.0,89299.0,566.0
White Alone,2008,95297.0,100.0,7.9,9.0,9.2,12.2,16.8,13.4,16.4,7.5,7.5,65990.0,315.0,89805.0,569.0
White Alone,2007,95112.0,100.0,7.5,9.0,8.7,11.8,17.2,13.1,16.6,8.0,8.0,68266.0,332.0,92128.0,577.0
White Alone,2006,94705.0,100.0,7.6,8.5,8.6,12.6,17.4,13.0,16.6,7.5,8.2,68260.0,326.0,93091.0,638.0
White Alone,2005,93588.0,100.0,7.8,8.5,9.2,12.1,17.2,13.3,16.6,7.4,7.9,67525.0,485.0,91735.0,625.0
White Alone,2004,92880.0,100.0,8.0,8.9,8.9,12.1,17.5,13.0,16.5,7.5,7.6,67087.0,433.0,90453.0,613.0
White Alone,2003,91962.0,100.0,8.0,8.8,8.6,12.3,17.4,12.8,16.8,7.6,7.6,67383.0,435.0,90945.0,600.0
White Alone,2002,91645.0,100.0,7.7,9.1,8.5,12.3,16.7,13.8,16.8,7.8,7.3,68090.0,455.0,90864.0,609.0
White,2001,90682.0,100.0,7.4,9.0,8.3,12.4,16.9,13.7,16.8,7.6,7.8,68290.0,527.0,92827.0,656.0
White,2000,90030.0,100.0,7.2,8.6,8.2,12.3,17.2,13.7,17.1,7.8,7.8,69286.0,503.0,93485.0,659.0
White,1999,88893.0,100.0,7.0,8.6,8.6,12.4,17.1,13.8,17.2,7.6,7.7,69042.0,574.0,92533.0,861.0
White,1998,87212.0,100.0,7.5,8.8,8.5,12.3,17.3,14.2,16.9,7.5,7.0,68158.0,562.0,90307.0,874.0
White,1997,86106.0,100.0,8.0,9.1,9.1,12.0,18.0,13.7,16.7,6.9,6.5,65805.0,686.0,87638.0,878.0
White,1996,85059.0,100.0,8.2,9.4,9.2,12.5,17.9,14.0,16.5,6.3,5.9,64104.0,545.0,84516.0,823.0
White,1995,84511.0,100.0,8.2,9.5,9.2,12.9,18.7,13.9,15.9,6.3,5.5,63341.0,545.0,82756.0,789.0
White,1994,83737.0,100.0,8.8,9.7,9.3,13.1,18.6,13.4,15.8,6.0,5.4,61714.0,570.0,81675.0,782.0
White,1993,82387.0,100.0,9.1,9.6,9.2,13.4,18.8,13.6,15.4,6.0,4.9,61026.0,585.0,80143.0,761.0
White,1992,81795.0,100.0,8.9,9.8,9.2,13.2,18.8,14.2,15.6,5.9,4.4,61139.0,487.0,77055.0,565.0
White,1991,81675.0,100.0,8.7,9.4,9.0,13.6,19.1,14.4,15.6,6.0,4.3,61414.0,490.0,76888.0,550.0
White,1990,80968.0,100.0,8.5,9.1,8.9,13.0,19.9,14.2,15.9,5.8,4.8,62967.0,474.0,78453.0,577.0
White,1989,80163.0,100.0,8.1,8.9,9.2,12.5,19.3,14.7,16.3,6.2,4.9,64327.0,515.0,80479.0,613.0
White,1988,79734.0,100.0,8.8,8.6,9.0,12.8,19.0,15.2,16.1,5.8,4.6,63551.0,617.0,78316.0,607.0
White,1987,78519.0,100.0,9.0,8.9,9.0,12.8,19.2,15.0,16.1,5.7,4.2,62820.0,519.0,77318.0,549.0
White,1986,77284.0,100.0,9.5,9.0,8.8,13.4,19.1,15.0,15.8,5.4,4.0,61944.0,494.0,75824.0,533.0
White,1985,76576.0,100.0,9.5,9.5,9.3,13.6,19.9,14.6,15.1,5.0,3.5,59978.0,527.0,72863.0,503.0
White,1984,75328.0,100.0,9.5,9.8,9.4,13.9,20.2,14.4,14.7,4.8,3.2,58896.0,488.0,71225.0,455.0
White,1983,74376.0,100.0,9.7,9.7,10.1,14.1,20.3,14.7,14.1,4.3,2.9,56820.0,422.0,68632.0,440.0
White,1982,73182.0,100.0,10.1,9.9,9.7,14.1,20.9,14.5,13.9,4.1,2.8,57123.0,427.0,68468.0,441.0
White,1981,72845.0,100.0,9.9,9.6,10.4,13.8,20.6,15.0,14.1,4.1,2.4,57808.0,439.0,68103.0,425.0
White,1980,71872.0,100.0,9.5,9.7,9.8,13.7,20.7,15.7,14.2,4.3,2.4,58654.0,496.0,68791.0,434.0
White,1979,70766.0,100.0,9.4,9.2,9.2,13.6,20.6,16.0,14.7,4.5,2.8,60248.0,471.0,70951.0,465.0
White,1978,68028.0,100.0,9.1,9.8,9.4,13.6,20.4,16.3,14.6,4.2,2.7,59850.0,434.0,70272.0,465.0
White,1977,66934.0,100.0,9.6,10.3,9.3,13.7,21.2,15.6,14.3,3.6,2.4,58286.0,403.0,68320.0,363.0
White,1976,65353.0,100.0,9.7,9.8,9.8,13.9,21.6,16.0,13.5,3.4,2.2,57697.0,393.0,67279.0,357.0
White,1975,64392.0,100.0,10.0,10.3,9.8,14.0,22.2,15.4,13.2,3.1,2.0,56659.0,340.0,65603.0,355.0
White,1974,62984.0,100.0,9.6,9.5,9.3,14.2,22.3,16.0,13.3,3.6,2.2,58185.0,360.0,67472.0,360.0
White,1973,61965.0,100.0,9.6,9.6,8.7,13.2,21.9,16.4,14.3,3.8,2.5,60216.0,378.0,69016.0,360.0
White,1972,60618.0,100.0,10.3,9.2,9.0,13.5,22.4,16.2,13.3,3.6,2.4,59083.0,373.0,68097.0,363.0
White,1971,59463.0,100.0,11.2,9.1,9.3,14.4,23.9,15.3,12.0,3.0,1.8,56488.0,354.0,64360.0,344.0
White,1970,57575.0,100.0,11.3,8.9,8.9,14.3,24.2,15.6,12.0,3.0,1.8,56803.0,360.0,64633.0,349.0
White,1969,56248.0,100.0,11.1,8.6,8.7,14.3,24.5,16.3,11.8,2.9,1.7,57360.0,345.0,64849.0,356.0
White,1968,55394.0,100.0,11.4,9.0,9.1,15.5,25.1,15.7,10.5,2.3,1.5,55176.0,338.0,62108.0,338.0
White,1967,54188.0,100.0,12.6,9.2,8.6,17.0,25.5,14.0,9.3,2.2,1.5,52980.0,316.0,58897.0,328.0
White Alone Not Hispanic,2021,85078.0,100.0,7.6,7.5,7.2,10.2,15.7,12.3,17.0,9.2,13.3,77999.0,1080.0,110758.0,1388.0
White Alone Not Hispanic,2020,84712.0,100.0,7.1,7.4,7.5,10.3,15.7,12.7,17.0,9.4,12.9,78912.0,889.0,110284.0,1451.0
White Alone Not Hispanic,2019,84868.0,100.0,6.8,6.9,7.0,10.7,15.7,12.5,17.6,9.6,13.3,80602.0,928.0,113033.0,1440.0
White Alone Not Hispanic,2018,84727.0,100.0,7.3,7.4,7.6,10.7,16.3,13.3,17.1,8.8,11.5,76220.0,703.0,106020.0,1262.0
White Alone Not Hispanic,2017,84706.0,100.0,7.5,7.8,7.9,11.1,15.6,13.1,16.5,8.8,11.8,75367.0,1225.0,105839.0,1284.0
White Alone Not Hispanic,2017,84681.0,100.0,7.5,8.0,7.9,11.0,15.4,13.1,16.7,9.0,11.3,75318.0,1160.0,103290.0,1202.0
White Alone Not Hispanic,2016,84387.0,100.0,7.8,7.6,8.0,11.1,16.6,12.4,17.1,8.7,10.6,73433.0,947.0,101339.0,1131.0
White Alone Not Hispanic,2015,84445.0,100.0,7.5,8.5,8.6,11.3,15.9,12.7,17.5,8.5,9.6,71989.0,1020.0,97875.0,999.0
White Alone Not Hispanic,2014,84228.0,100.0,8.6,8.9,8.6,11.4,16.5,12.6,16.1,8.1,9.2,69027.0,693.0,94469.0,1091.0
White Alone Not Hispanic,2013,84432.0,100.0,8.4,9.0,8.3,11.0,16.7,13.5,15.9,8.0,9.3,70281.0,1021.0,94628.0,1625.0
White Alone Not Hispanic,2013,83641.0,100.0,8.1,9.2,8.6,11.6,17.0,13.8,15.5,8.0,8.2,67882.0,1173.0,92428.0,1209.0
White Alone Not Hispanic,2012,83792.0,100.0,7.9,9.4,8.7,12.2,16.6,13.4,16.0,7.8,8.1,67397.0,698.0,92028.0,1002.0
White Alone Not Hispanic,2011,83573.0,100.0,8.1,9.0,8.6,12.6,17.1,13.0,15.8,7.7,8.1,66897.0,651.0,91828.0,949.0
White Alone Not Hispanic,2010,83314.0,100.0,8.1,9.4,8.3,12.3,16.7,12.9,16.6,7.8,8.0,67820.0,914.0,91323.0,942.0
White Alone Not Hispanic,2009,83158.0,100.0,7.3,8.5,8.9,11.8,17.3,13.4,16.7,8.0,8.1,68940.0,581.0,92712.0,623.0
White Alone Not Hispanic,2008,82884.0,100.0,7.3,8.6,8.8,11.6,16.6,13.6,17.1,8.0,8.2,70049.0,467.0,93477.0,629.0
White Alone Not Hispanic,2007,82765.0,100.0,7.0,8.7,8.3,11.2,17.0,13.2,17.3,8.6,8.7,71941.0,532.0,95862.0,636.0
White Alone Not Hispanic,2006,82675.0,100.0,7.1,8.2,8.2,12.1,17.1,13.2,17.2,8.0,8.9,70617.0,417.0,96645.0,702.0
White Alone Not Hispanic,2005,82003.0,100.0,7.4,8.3,8.6,11.7,16.9,13.5,17.3,7.9,8.5,70627.0,393.0,95408.0,693.0
White Alone Not Hispanic,2004,81628.0,100.0,7.5,8.6,8.4,11.7,17.1,13.2,17.3,7.9,8.2,70325.0,530.0,93830.0,672.0
White Alone Not Hispanic,2003,81148.0,100.0,7.5,8.5,8.2,11.7,17.2,13.0,17.5,8.2,8.2,70552.0,561.0,94341.0,658.0
White Alone Not Hispanic,2002,81166.0,100.0,7.3,8.8,8.1,11.8,16.5,14.0,17.4,8.3,7.9,70829.0,457.0,93807.0,656.0
White Not Hispanic,2001,80818.0,100.0,7.1,8.7,8.0,12.0,16.6,13.8,17.4,8.1,8.4,71033.0,485.0,95791.0,714.0
White Not Hispanic,2000,80527.0,100.0,6.9,8.4,7.9,12.0,16.9,13.7,17.6,8.3,8.3,71979.0,475.0,96330.0,711.0
White Not Hispanic,1999,79819.0,100.0,6.6,8.2,8.3,12.0,16.8,14.0,17.7,8.1,8.2,72030.0,749.0,95568.0,931.0
White Not Hispanic,1998,78577.0,100.0,6.9,8.4,8.1,11.9,17.2,14.4,17.7,7.9,7.4,70702.0,669.0,93199.0,937.0
White Not Hispanic,1997,77936.0,100.0,7.3,8.7,8.7,11.7,17.9,13.9,17.4,7.3,6.9,68516.0,589.0,90446.0,
White Not Hispanic,1996,77240.0,100.0,7.6,8.9,8.8,12.3,17.9,14.4,17.2,6.7,6.3,66909.0,755.0,87073.0,
White Not Hispanic,1995,76932.0,100.0,7.4,9.0,8.9,12.5,18.7,14.3,16.6,6.7,5.8,65841.0,565.0,85455.0,842.0
White Not Hispanic,1994,77004.0,100.0,8.2,9.3,9.1,12.9,18.6,13.7,16.3,6.2,5.6,63706.0,555.0,83756.0,817.0
White Not Hispanic,1993,75697.0,100.0,8.6,9.1,8.9,13.1,18.8,14.0,15.9,6.3,5.2,63272.0,609.0,82255.0,807.0
White Not Hispanic,1992,75107.0,100.0,8.4,9.4,8.9,12.9,18.7,14.5,16.2,6.2,4.7,63191.0,643.0,79012.0,600.0
White Not Hispanic,1991,75625.0,100.0,8.3,9.1,8.7,13.4,19.1,14.6,16.1,6.3,4.5,62881.0,509.0,78537.0,576.0
White Not Hispanic,1990,75035.0,100.0,8.0,8.7,8.7,12.8,19.9,14.4,16.4,6.1,5.0,64407.0,494.0,80191.0,597.0
White Not Hispanic,1989,74495.0,100.0,7.6,8.7,9.0,12.3,19.3,14.8,16.7,6.4,5.1,65710.0,529.0,82091.0,661.0
White Not Hispanic,1988,74067.0,100.0,8.4,8.3,8.8,12.7,19.0,15.4,16.6,6.0,4.8,65302.0,632.0,79915.0,617.0
White Not Hispanic,1987,73120.0,100.0,8.5,8.6,8.8,12.7,19.3,15.2,16.6,5.9,4.4,64547.0,591.0,78830.0,602.0
White Not Hispanic,1986,72067.0,100.0,9.1,8.7,8.5,13.3,19.2,15.3,16.2,5.6,4.2,63352.0,537.0,77329.0,584.0
White Not Hispanic,1985,71540.0,100.0,9.1,9.2,9.1,13.5,20.0,14.8,15.5,5.2,3.7,61326.0,515.0,74281.0,555.0
White Not Hispanic,1984,70586.0,100.0,9.0,9.5,9.3,13.9,20.2,14.6,15.1,4.9,3.4,60119.0,549.0,72463.0,533.0
White Not Hispanic,1983,69648.0,100.0,9.3,9.4,10.0,13.9,20.4,14.9,14.5,4.5,3.1,58280.0,482.0,70435.0,495.0
White Not Hispanic,1982,69214.0,100.0,9.8,9.6,9.6,14.0,21.0,14.7,14.2,4.3,2.9,58081.0,481.0,69475.0,489.0
White Not Hispanic,1981,68996.0,100.0,9.6,9.4,10.2,13.7,20.5,15.2,14.4,4.3,2.5,58642.0,491.0,68960.0,472.0
White Not Hispanic,1980,68106.0,100.0,9.2,9.5,9.6,13.6,20.8,15.9,14.5,4.4,2.5,59693.0,558.0,69695.0,516.0
White Not Hispanic,1979,67203.0,100.0,9.2,9.1,9.1,13.4,20.6,16.2,15.0,4.6,2.9,61096.0,557.0,71771.0,517.0
White Not Hispanic,1978,64836.0,100.0,9.0,9.6,9.2,13.4,20.4,16.5,14.9,4.3,2.8,60977.0,528.0,71101.0,503.0
White Not Hispanic,1977,63721.0,100.0,9.4,10.0,9.2,13.5,21.2,15.8,14.7,3.7,2.5,59442.0,551.0,69165.0,537.0
White Not Hispanic,1976,62365.0,100.0,9.5,9.6,9.6,13.7,21.7,16.2,13.9,3.5,2.3,58873.0,564.0,68143.0,500.0
White Not Hispanic,1975,61533.0,100.0,9.8,10.1,9.6,13.9,22.2,15.6,13.5,3.2,2.1,57086.0,498.0,66407.0,529.0
White Not Hispanic,1974,60164.0,100.0,9.5,9.3,9.1,14.0,22.3,16.2,13.6,3.7,2.2,58682.0,474.0,68232.0,490.0
White Not Hispanic,1973,59236.0,100.0,9.5,9.5,8.5,12.9,21.8,16.5,14.6,4.0,2.6,60746.0,468.0,69787.0,486.0
White Not Hispanic,1972,58005.0,100.0,10.2,9.0,8.9,13.3,22.4,16.5,13.6,3.7,2.4,59926.0,468.0,68887.0,506.0
Black Alone Or In Combination,2021,18698.0,100.0,15.7,11.5,10.0,13.5,16.9,10.4,11.6,4.7,5.7,48815.0,1663.0,71528.0,1879.0
Black Alone Or In Combination,2020,18287.0,100.0,16.5,11.2,10.4,12.6,17.3,10.4,11.8,4.5,5.4,48936.0,1319.0,72130.0,1928.0
Black Alone Or In Combination,2019,18055.0,100.0,15.9,10.7,11.5,12.9,16.9,10.0,11.6,5.0,5.5,48827.0,1217.0,71983.0,2034.0
Black Alone Or In Combination,2018,18095.0,100.0,17.7,11.8,11.1,13.8,16.3,10.3,10.2,4.7,4.0,44984.0,989.0,64050.0,1439.0
Black Alone Or In Combination,2017,17813.0,100.0,17.5,12.4,11.1,14.2,15.3,10.5,10.7,4.0,4.1,44197.0,1249.0,64522.0,1442.0
Black Alone Or In Combination,2017,17801.0,100.0,17.7,12.0,10.8,14.4,15.1,11.1,10.7,4.1,4.1,44867.0,911.0,65194.0,1453.0
Black Alone Or In Combination,2016,17505.0,100.0,18.2,11.9,10.9,13.3,16.4,10.4,10.9,4.2,3.8,45235.0,1083.0,65622.0,1738.0
Black Alone Or In Combination,2015,17322.0,100.0,18.8,13.1,11.3,12.9,16.2,9.8,10.3,4.2,3.4,42554.0,1027.0,62675.0,1631.0
Black Alone Or In Combination,2014,17198.0,100.0,19.7,13.2,12.0,13.5,16.1,9.0,9.7,3.6,3.2,40843.0,889.0,59135.0,1306.0
Black Alone Or In Combination,2013,16723.0,100.0,19.2,13.0,11.8,14.1,16.3,9.0,9.4,4.2,3.1,41664.0,1491.0,60198.0,2535.0
Black Alone Or In Combination,2013,16855.0,100.0,19.3,14.1,11.5,13.9,16.1,9.1,9.8,3.5,2.6,40512.0,1341.0,57906.0,1669.0
Black Alone Or In Combination,2012,16559.0,100.0,20.1,13.9,10.7,14.2,15.8,9.7,9.5,3.6,2.5,39862.0,1552.0,56936.0,1435.0
Black Alone Or In Combination,2011,16165.0,100.0,21.1,13.6,10.7,14.1,15.7,9.3,9.2,3.6,2.6,39074.0,1098.0,57352.0,1535.0
Black Alone Or In Combination,2010,15909.0,100.0,20.9,13.0,11.1,14.3,15.5,10.2,9.0,3.5,2.4,40044.0,963.0,56661.0,1284.0
Black Alone Or In Combination,2009,15212.0,100.0,18.0,13.2,11.7,14.6,16.3,9.9,10.4,3.3,2.6,41457.0,870.0,58584.0,1074.0
Black Alone Or In Combination,2008,15056.0,100.0,17.8,11.9,12.2,14.5,17.1,10.3,9.9,3.8,2.5,43325.0,911.0,58884.0,1013.0
Black Alone Or In Combination,2007,14976.0,100.0,18.1,12.4,10.3,13.8,17.1,10.6,11.0,3.9,2.7,44656.0,1002.0,61345.0,1103.0
Black Alone Or In Combination,2006,14709.0,100.0,17.9,12.4,10.7,14.9,16.7,10.1,10.4,3.9,2.9,43284.0,527.0,61282.0,1236.0
Black Alone Or In Combination,2005,14399.0,100.0,18.7,12.4,11.7,13.3,17.0,10.6,10.0,3.6,2.7,43049.0,675.0,59422.0,1064.0
Black Alone Or In Combination,2004,14151.0,100.0,19.1,11.3,11.5,14.5,17.0,10.3,10.5,3.2,2.5,43473.0,655.0,58605.0,1024.0
Black Alone Or In Combination,2003,13969.0,100.0,18.1,12.9,10.5,14.2,16.7,10.6,10.6,3.8,2.5,43841.0,906.0,59534.0,1037.0
Black Alone Or In Combination,2002,13778.0,100.0,17.6,13.0,10.5,14.8,16.7,10.2,10.5,3.8,2.8,44064.0,954.0,60913.0,1168.0
Black Alone,2021,17698.0,100.0,15.9,11.7,10.0,13.4,17.0,10.4,11.4,4.6,5.7,48297.0,1679.0,70902.0,1943.0
Black Alone,2020,17319.0,100.0,16.7,11.4,10.6,12.7,17.2,10.3,11.5,4.3,5.3,48175.0,1327.0,70933.0,2048.0
Black Alone,2019,17054.0,100.0,16.3,10.8,11.6,13.0,16.9,9.9,11.6,4.8,5.2,48153.0,1284.0,70530.0,1994.0
Black Alone,2018,17167.0,100.0,18.1,11.8,11.0,13.9,16.2,10.4,10.0,4.7,3.9,44627.0,977.0,63297.0,1452.0
Black Alone,2017,17019.0,100.0,17.8,12.6,11.0,14.3,15.2,10.5,10.5,4.0,4.1,43509.0,1542.0,64137.0,1493.0
Black Alone,2017,16997.0,100.0,18.0,12.2,10.7,14.5,15.0,11.0,10.5,4.1,4.0,44496.0,1049.0,64761.0,1500.0
Black Alone,2016,16733.0,100.0,18.7,11.9,10.9,13.3,16.2,10.3,10.9,4.0,3.7,44585.0,1339.0,64857.0,1731.0
Black Alone,2015,16539.0,100.0,18.9,13.2,11.3,13.1,16.1,9.7,10.3,4.2,3.3,42196.0,965.0,62157.0,1620.0
Black Alone,2014,16437.0,100.0,19.8,13.2,12.1,13.5,16.2,8.9,9.6,3.5,3.2,40551.0,869.0,58687.0,1302.0
Black Alone,2013,16009.0,100.0,19.7,13.1,11.6,14.2,15.9,9.2,9.3,4.0,3.0,41151.0,1642.0,58777.0,2271.0
Black Alone,2013,16108.0,100.0,19.4,14.2,11.5,13.9,16.1,9.2,9.7,3.5,2.6,40305.0,1395.0,57816.0,1696.0
Black Alone,2012,15872.0,100.0,20.3,14.1,10.7,14.3,15.7,9.7,9.3,3.5,2.4,39393.0,1536.0,56436.0,1464.0
Black Alone,2011,15583.0,100.0,21.3,13.6,10.7,14.1,15.7,9.3,9.2,3.6,2.5,38909.0,1011.0,57049.0,1595.0
Black Alone,2010,15265.0,100.0,21.1,13.0,11.2,14.3,15.5,10.4,8.9,3.4,2.3,40005.0,1022.0,55986.0,1282.0
Black Alone,2009,14730.0,100.0,18.0,13.3,11.7,14.6,16.3,9.8,10.5,3.3,2.5,41247.0,820.0,58288.0,1093.0
Black Alone,2008,14595.0,100.0,17.9,11.9,12.2,14.5,17.1,10.3,9.8,3.7,2.5,43165.0,915.0,58700.0,1033.0
Black Alone,2007,14551.0,100.0,18.2,12.4,10.4,13.9,17.1,10.6,11.0,3.9,2.6,44427.0,1024.0,61083.0,1121.0
Black Alone,2006,14354.0,100.0,18.1,12.4,10.8,14.9,16.7,10.1,10.4,3.8,2.9,43064.0,534.0,60789.0,1236.0
Black Alone,2005,14002.0,100.0,18.8,12.5,11.7,13.3,17.1,10.5,9.9,3.5,2.6,42915.0,689.0,59042.0,1055.0
Black Alone,2004,13809.0,100.0,19.2,11.4,11.6,14.5,16.9,10.3,10.4,3.2,2.5,43272.0,740.0,58424.0,1041.0
Black Alone,2003,13629.0,100.0,18.2,12.9,10.5,14.3,16.8,10.5,10.5,3.8,2.5,43776.0,938.0,59261.0,1045.0
Black Alone,2002,13465.0,100.0,17.7,13.1,10.6,14.8,16.7,10.2,10.5,3.8,2.8,43836.0,971.0,60425.0,1148.0
Black,2001,13315.0,100.0,17.3,12.1,10.7,14.5,16.8,11.7,11.0,3.7,2.3,45208.0,876.0,60207.0,1045.0
Black,2000,13174.0,100.0,16.3,11.5,11.4,14.0,17.6,11.8,10.6,4.3,2.5,46806.0,1020.0,61811.0,1030.0
Black,1999,12838.0,100.0,17.0,12.3,10.5,14.6,16.2,11.1,10.5,4.6,3.2,45528.0,1395.0,62741.0,1481.0
Black,1998,12579.0,100.0,19.8,12.9,11.2,13.5,16.3,10.3,10.3,3.5,2.2,42234.0,1088.0,56875.0,1250.0
Black,1997,12474.0,100.0,18.8,12.8,11.4,14.2,17.2,11.0,9.9,3.0,1.8,42298.0,1197.0,55659.0,1314.0
Black,1996,12109.0,100.0,19.7,14.2,11.3,13.3,17.4,9.8,9.7,2.8,1.8,40507.0,1311.0,55995.0,1799.0
Black,1995,11577.0,100.0,20.2,13.7,10.9,14.6,17.0,10.5,9.3,2.5,1.4,39657.0,1113.0,53838.0,1515.0
Black,1994,11655.0,100.0,22.2,13.2,11.9,13.8,15.0,10.0,9.3,3.1,1.6,38135.0,1167.0,53065.0,1253.0
Black,1993,11281.0,100.0,23.6,14.4,11.1,14.5,15.4,8.8,8.1,2.8,1.4,36166.0,1176.0,50415.0,1377.0
Black,1992,11269.0,100.0,24.5,14.6,10.6,13.7,15.6,9.7,7.8,2.4,1.1,35601.0,1196.0,48309.0,1077.0
Black,1991,11083.0,100.0,24.1,13.6,10.7,13.7,16.6,10.1,7.9,2.4,1.1,36587.0,1264.0,48718.0,1046.0
Black,1990,10671.0,100.0,23.3,14.0,10.5,13.5,16.6,9.9,8.3,2.7,1.1,37654.0,1413.0,50029.0,1111.0
Black,1989,10486.0,100.0,22.7,13.0,11.6,14.0,16.1,9.6,9.2,2.6,1.2,38256.0,1281.0,50764.0,1135.0
Black,1988,10561.0,100.0,23.5,14.9,10.4,13.8,14.9,10.0,9.0,2.1,1.4,36228.0,1242.0,49631.0,1191.0
Black,1987,10192.0,100.0,24.3,13.7,11.5,14.2,15.6,9.5,7.7,2.3,1.2,35855.0,1129.0,48413.0,1095.0
Black,1986,9922.0,100.0,24.3,13.9,11.3,14.2,15.5,10.1,7.5,2.3,0.9,35688.0,1152.0,47880.0,1071.0
Black,1985,9797.0,100.0,23.6,14.3,11.8,14.9,16.0,9.3,7.7,1.6,0.7,35684.0,1141.0,46558.0,994.0
Black,1984,9480.0,100.0,24.0,15.6,12.7,14.4,15.5,8.1,7.5,1.7,0.5,33551.0,1061.0,44747.0,905.0
Black,1983,9236.0,100.0,25.0,15.9,12.0,14.7,15.1,8.9,6.6,1.5,0.3,32244.0,994.0,42886.0,871.0
Black,1982,8916.0,100.0,24.7,15.4,13.3,13.3,17.1,9.1,5.7,1.1,0.4,32374.0,854.0,42597.0,877.0
Black,1981,8961.0,100.0,24.8,15.7,13.3,13.7,15.7,8.7,6.8,1.1,0.2,32439.0,897.0,42614.0,849.0
Black,1980,8847.0,100.0,23.3,15.8,13.1,13.7,16.6,9.3,6.6,1.2,0.4,33791.0,1048.0,43855.0,888.0
Black,1979,8586.0,100.0,22.0,15.6,12.6,14.8,16.3,9.9,7.2,1.3,0.3,35372.0,1062.0,45388.0,919.0
Black,1978,8066.0,100.0,21.8,15.3,12.4,14.5,17.4,9.4,7.5,1.4,0.3,35967.0,1251.0,45965.0,987.0
Black,1977,7977.0,100.0,21.4,16.8,13.1,15.7,16.1,9.3,6.3,0.9,0.4,34395.0,759.0,44070.0,645.0
Black,1976,7776.0,100.0,21.3,16.9,13.1,14.4,17.6,9.6,5.8,0.9,0.3,34308.0,700.0,43834.0,643.0
Black,1975,7489.0,100.0,22.1,17.0,12.4,15.4,17.5,9.1,5.4,0.8,0.2,34014.0,823.0,42457.0,619.0
Black,1974,7263.0,100.0,21.3,16.1,13.6,16.1,17.2,8.9,5.7,0.8,0.3,34603.0,687.0,43035.0,629.0
Black,1973,7040.0,100.0,19.8,17.1,12.6,15.6,17.6,10.2,5.4,1.1,0.5,35445.0,908.0,44016.0,719.0
Black,1972,6809.0,100.0,21.5,16.1,13.7,15.3,16.6,10.0,5.3,1.0,0.6,34487.0,850.0,43565.0,764.0
Black,1971,6578.0,100.0,23.2,15.2,13.8,16.7,17.3,7.9,5.0,0.7,0.2,33368.0,817.0,41348.0,699.0
Black,1970,6180.0,100.0,22.7,15.3,13.3,16.6,17.3,8.7,5.1,0.8,0.3,34574.0,781.0,42217.0,750.0
Black,1969,6053.0,100.0,22.3,15.1,14.2,17.7,17.0,8.2,4.7,0.6,0.2,34672.0,841.0,41276.0,722.0
Black,1968,5870.0,100.0,22.9,16.6,14.8,16.3,17.0,7.8,3.9,0.6,0.1,32536.0,777.0,39626.0,687.0
Black,1967,5728.0,100.0,25.0,17.4,13.1,18.3,15.4,6.7,3.0,0.8,0.3,30761.0,842.0,36963.0,679.0
Asian Alone Or In Combination,2021,7852.0,100.0,7.8,5.8,5.2,6.7,13.6,10.2,18.1,12.1,20.6,101056.0,2708.0,137769.0,4867.0
Asian Alone Or In Combination,2020,7555.0,100.0,7.0,5.8,5.0,7.9,13.6,11.1,16.0,12.2,21.4,99411.0,3722.0,138316.0,4428.0
Asian Alone Or In Combination,2019,7334.0,100.0,6.2,4.6,5.1,8.0,13.0,11.8,18.3,12.8,20.2,102956.0,2910.0,139510.0,4603.0
Asian Alone Or In Combination,2018,7416.0,100.0,7.9,5.8,5.9,8.2,13.0,12.2,18.3,10.6,18.2,93670.0,2623.0,128301.0,3807.0
Asian Alone Or In Combination,2017,7124.0,100.0,7.8,5.8,5.8,8.8,13.9,12.6,16.7,11.6,16.9,89534.0,2002.0,125899.0,4634.0
Asian Alone Or In Combination,2017,7114.0,100.0,8.3,6.0,5.5,8.8,13.5,12.7,16.3,11.1,17.6,89483.0,2095.0,125691.0,4376.0
Asian Alone Or In Combination,2016,6750.0,100.0,8.3,5.8,5.7,7.9,13.6,12.9,17.5,12.2,16.1,91251.0,2101.0,120675.0,3291.0
Asian Alone Or In Combination,2015,6640.0,100.0,8.7,6.4,5.9,8.1,15.1,10.9,17.5,11.5,15.8,87783.0,2632.0,120228.0,4137.0
Asian Alone Or In Combination,2014,6333.0,100.0,9.0,5.8,6.9,9.4,13.9,12.3,17.8,11.7,13.3,85721.0,3733.0,112428.0,3631.0
Asian Alone Or In Combination,2013,6160.0,100.0,9.2,6.8,5.3,8.5,15.6,11.6,18.7,9.9,14.3,84427.0,6117.0,117752.0,8095.0
Asian Alone Or In Combination,2013,6111.0,100.0,9.6,6.0,7.4,9.1,15.9,13.0,16.9,9.7,12.3,78479.0,3492.0,106398.0,4341.0
Asian Alone Or In Combination,2012,5872.0,100.0,9.0,5.8,6.4,10.0,15.9,12.8,17.3,10.1,12.7,80606.0,3378.0,108413.0,3683.0
Asian Alone Or In Combination,2011,5705.0,100.0,8.9,7.4,6.4,10.9,14.9,13.1,18.1,9.7,10.6,78466.0,3106.0,103565.0,4077.0
Asian Alone Or In Combination,2010,5550.0,100.0,9.1,6.9,7.1,9.1,15.6,12.4,17.2,10.3,12.3,79111.0,3001.0,104249.0,3294.0
Asian Alone Or In Combination,2009,4940.0,100.0,9.3,6.2,7.0,9.4,14.4,12.3,17.5,10.4,13.6,82373.0,2988.0,114067.0,3686.0
Asian Alone Or In Combination,2008,4805.0,100.0,8.9,6.3,7.3,9.7,14.0,11.8,18.3,11.5,12.2,82710.0,2932.0,108893.0,3086.0
Asian Alone Or In Combination,2007,4715.0,100.0,7.9,6.3,6.5,8.5,14.9,12.7,19.7,11.1,12.5,86292.0,2987.0,110768.0,3116.0
Asian Alone Or In Combination,2006,4664.0,100.0,7.4,5.8,6.0,9.6,15.7,11.9,18.8,11.813,86077.0,3583.0,117906.0,4060.0,
Asian Alone Or In Combination,2005,4500.0,100.0,8.5,6.2,6.7,7.9,15.2,13.3,18.7,10.2,13.3,84901.0,1668.0,111254.0,3194.0
Asian Alone Or In Combination,2004,4346.0,100.0,8.1,6.3,6.0,9.1,16.6,12.9,19.0,1012.0,82602.0,2739.0,109464.0,3399.0,
Asian Alone Or In Combination,2003,4235.0,100.0,11.2,6.6,6.1,7.6,15.9,11.7,19.6,10.0,11.2,81605.0,2993.0,102500.0,2900.0
Asian Alone Or In Combination,2002,4079.0,100.0,8.1,6.0,7.1,10.5,15.1,14.0,17.3,11.0,10.9,78962.0,1965.0,104924.0,3282.0
Asian Alone,2021,7276.0,100.0,7.8,6.0,5.3,6.6,13.4,10.0,17.7,12.2,21.1,101418.0,2868.0,138939.0,5144.0
Asian Alone,2020,7002.0,100.0,7.0,5.8,4.9,8.1,13.4,11.1,15.9,12.5,21.3,99622.0,3983.0,137494.0,4300.0
Asian Alone,2019,6853.0,100.0,6.3,4.6,5.1,8.0,12.5,11.7,18.4,12.8,20.7,104041.0,3252.0,141066.0,4705.0
Asian Alone,2018,6981.0,100.0,8.0,5.6,5.9,8.1,12.9,11.9,18.3,10.8,18.4,94079.0,3027.0,129277.0,4013.0
Asian Alone,2017,6750.0,100.0,7.8,5.9,5.6,8.8,13.8,12.7,16.9,11.7,16.9,89960.0,1965.0,126456.0,4787.0
Asian Alone,2017,6735.0,100.0,8.3,6.1,5.3,8.6,13.4,12.8,16.4,11.2,17.7,89892.0,2169.0,126116.0,4465.0
Asian Alone,2016,6392.0,100.0,8.2,5.6,5.7,7.9,13.4,12.8,17.6,12.3,16.5,91938.0,2164.0,121926.0,3380.0
Asian Alone,2015,6328.0,100.0,8.6,6.3,5.9,8.1,15.0,11.0,17.7,11.3,16.2,88247.0,3192.0,120554.0,4189.0
Asian Alone,2014,6040.0,100.0,9.3,5.7,7.1,9.3,13.7,12.1,17.6,11.8,13.3,85112.0,3971.0,111764.0,3618.0
Asian Alone,2013,5818.0,100.0,9.3,7.0,5.2,7.9,16.2,11.3,18.7,9.9,14.5,84324.0,6443.0,117905.0,8558.0
Asian Alone,2013,5759.0,100.0,9.6,6.1,7.5,9.1,15.8,13.1,16.5,10.0,12.2,78128.0,3296.0,105723.0,4419.0
Asian Alone,2012,5560.0,100.0,9.1,5.8,6.4,9.9,15.6,12.9,17.6,10.1,12.6,81143.0,3676.0,108055.0,3571.0
Asian Alone,2011,5374.0,100.0,8.8,7.3,6.6,10.8,15.0,13.1,18.3,9.8,10.4,78628.0,3112.0,103395.0,4117.0
Asian Alone,2010,5212.0,100.0,9.3,6.8,7.0,9.0,15.2,12.3,17.3,10.4,12.6,80023.0,3226.0,105334.0,3474.0
Asian Alone,2009,4687.0,100.0,9.2,6.2,7.0,9.2,14.2,12.6,17.4,10.5,13.6,82875.0,2638.0,114954.0,3842.0
Asian Alone,2008,4573.0,100.0,9.1,6.1,7.4,9.6,14.0,11.7,18.2,11.6,12.3,82798.0,2876.0,108719.0,3119.0
Asian Alone,2007,4494.0,100.0,7.8,6.4,6.5,8.4,14.8,12.4,20.0,11.0,12.6,86589.0,2984.0,111366.0,3232.0
Asian Alone,2006,4454.0,100.0,7.4,6.0,6.0,9.6,15.4,11.8,19.0,11.5,13.4,86533.0,3709.0,118936.0,4210.0
Asian Alone,2005,4273.0,100.0,8.6,6.4,6.7,7.6,15.2,13.4,18.6,10.2,13.4,84965.0,1629.0,111392.0,3233.0
Asian Alone,2004,4123.0,100.0,8.1,6.3,6.0,9.1,16.5,12.8,19.1,9.9,12.3,82681.0,2890.0,110019.0,3501.0
Asian Alone,2003,4040.0,100.0,11.3,6.6,5.9,7.5,15.7,11.7,19.6,10.1,11.6,82250.0,2657.0,103328.0,3010.0
Asian Alone,2002,3917.0,100.0,7.9,6.1,7.1,10.6,14.8,14.0,17.2,11.1,11.1,79477.0,2288.0,105786.0,3394.0
Asian And Pacific Islander,2001,4071.0,100.0,8.0,6.2,6.3,10.0,15.3,14.0,17.8,10.8,11.7,82277.0,3230.0,112228.0,4358.0
Asian And Pacific Islander,2000,3963.0,100.0,6.8,6.1,5.7,9.8,15.1,12.8,20.1,9.8,13.8,87968.0,2468.0,114852.0,3922.0
Asian And Pacific Islander,1999,3742.0,100.0,8.0,6.7,5.6,9.5,16.1,13.5,17.4,9.9,13.4,83128.0,4819.0,109924.0,4583.0
Asian And Pacific Islander,1998,3308.0,100.0,8.5,7.0,6.6,10.2,16.1,12.8,19.1,10.6,9.1,77696.0,3557.0,100305.0,4766.0
Asian And Pacific Islander,1997,3125.0,100.0,8.6,7.5,6.6,9.3,17.3,13.1,18.3,10.4,8.9,76404.0,3494.0,99438.0,5069.0
Asian And Pacific Islander,1996,2998.0,100.0,9.7,7.0,6.8,9.3,17.8,12.4,19.0,9.8,8.2,74653.0,4401.0,97545.0,5755.0
Asian And Pacific Islander,1995,2777.0,100.0,9.1,8.6,7.1,9.5,18.5,13.6,18.1,8.0,7.5,71926.0,2969.0,97807.0,6491.0
Asian And Pacific Islander,1994,2040.0,100.0,9.2,7.8,7.2,9.9,16.8,13.7,19.2,7.6,8.5,73420.0,4577.0,95328.0,5588.0
Asian And Pacific Islander,1993,2233.0,100.0,10.8,8.1,7.5,10.9,15.5,12.0,19.2,8.8,7.2,71000.0,5744.0,93027.0,6162.0
Asian And Pacific Islander,1992,2262.0,100.0,8.9,7.9,8.7,9.6,17.4,14.7,17.6,8.1,7.1,71754.0,3407.0,88930.0,4022.0
Asian And Pacific Islander,1991,2094.0,100.0,9.4,6.8,6.6,12.8,17.0,13.6,18.2,8.3,7.3,70908.0,3763.0,90029.0,4365.0
Asian And Pacific Islander,1990,1958.0,100.0,7.7,7.6,6.6,9.0,17.5,15.6,19.2,8.9,7.9,77522.0,3778.0,93574.0,4358.0
Asian And Pacific Islander,1989,1988.0,100.0,6.4,8.1,6.7,10.1,18.3,13.6,20.0,8.6,8.2,76377.0,3397.0,94948.0,4545.0
Asian And Pacific Islander,1988,1913.0,100.0,7.5,8.6,8.0,10.5,16.9,14.6,17.8,8.4,7.6,71248.0,4816.0,89076.0,4377.0
Asian And Pacific Islander,1987,,100.0,9.3,9.0,8.4,9.5,14.2,15.0,18.6,9.0,6.9,73728.0,4509.0,,
American Indian And Alaska Native Alone Or In Combination,2021,2475.0,100.0,15.3,10.8,9.3,12.4,17.3,11.6,12.4,5.4,5.6,51282.0,1407.0,73170.0,4864.0
American Indian And Alaska Native Alone Or In Combination,2020,2333.0,100.0,10.9,12.5,8.5,12.6,18.2,12.7,13.7,5.8,5.1,56661.0,3812.0,77676.0,4959.0
American Indian And Alaska Native Alone Or In Combination,2019,2350.0,100.0,12.6,9.9,10.5,13.7,15.7,12.7,14.1,6.0,4.9,54052.0,2141.0,73721.0,4129.0
American Indian And Alaska Native Alone Or In Combination,2018,2481.0,100.0,14.8,12.0,9.5,13.1,18.6,11.1,12.1,4.6,4.2,50995.0,3795.0,68850.0,3651.0
American Indian And Alaska Native Alone Or In Combination,2017,2514.0,100.0,15.3,10.7,11.6,13.3,16.4,12.3,10.7,4.0,5.7,49268.0,4737.0,70503.0,3906.0
American Indian And Alaska Native Alone Or In Combination,2017,2510.0,100.0,15.0,11.3,10.9,13.9,15.6,12.3,11.6,4.1,5.3,49746.0,4343.0,69842.0,3688.0
American Indian And Alaska Native Alone Or In Combination,2016,2443.0,100.0,14.7,11.2,10.2,15.4,17.0,10.8,10.5,4.9,5.3,48036.0,2891.0,72914.0,4949.0
American Indian And Alaska Native Alone Or In Combination,2015,2436.0,100.0,16.0,11.6,10.2,13.1,17.6,11.4,10.8,5.8,3.5,48914.0,4047.0,67622.0,4081.0
American Indian And Alaska Native Alone Or In Combination,2014,2247.0,100.0,15.6,11.8,11.7,12.6,17.6,10.6,11.8,4.4,3.8,47961.0,2637.0,65331.0,2831.0
American Indian And Alaska Native Alone Or In Combination,2013,2041.0,100.0,18.8,13.0,9.3,12.6,13.5,12.8,10.7,4.4,5.0,46333.0,6523.0,72308.0,11816.0
American Indian And Alaska Native Alone Or In Combination,2013,2119.0,100.0,15.3,12.4,12.8,14.4,17.7,10.5,10.8,3.7,2.5,43632.0,2836.0,59190.0,3816.0
American Indian And Alaska Native Alone Or In Combination,2012,2233.0,100.0,17.3,13.2,11.7,14.3,17.7,9.4,9.8,4.3,2.4,43345.0,2111.0,59253.0,3049.0
American Indian And Alaska Native Alone Or In Combination,2011,2162.0,100.0,15.3,13.0,12.7,14.6,17.2,10.8,9.4,3.5,3.4,44317.0,2807.0,61944.0,3047.0
American Indian And Alaska Native Alone Or In Combination,2010,2040.0,100.0,16.6,12.5,11.5,13.0,16.9,9.8,11.6,5.4,2.6,46273.0,4571.0,62176.0,3408.0
American Indian And Alaska Native Alone Or In Combination,2009,1820.0,100.0,14.3,11.8,11.6,14.4,17.4,11.0,11.0,4.9,3.5,46988.0,2694.0,66602.0,3368.0
American Indian And Alaska Native Alone Or In Combination,2008,1932.0,100.0,13.6,9.9,11.3,15.1,17.3,12.8,12.5,4.5,3.0,50032.0,2985.0,68030.0,4019.0
American Indian And Alaska Native Alone Or In Combination,2007,1919.0,100.0,14.8,10.9,10.7,13.9,17.4,11.6,12.5,4.6,3.6,50128.0,2568.0,66902.0,3158.0
American Indian And Alaska Native Alone Or In Combination,2006,1848.0,100.0,13.3,12.5,11.2,14.3,17.5,10.3,12.0,4.6,4.3,48933.0,2548.0,67421.0,3341.0
American Indian And Alaska Native Alone Or In Combination,2005,1873.0,100.0,15.7,9.8,11.0,13.3,16.9,11.5,13.5,4.8,3.6,50363.0,2777.0,68245.0,3022.0
American Indian And Alaska Native Alone Or In Combination,2004,1894.0,100.0,12.6,11.3,9.4,15.3,17.0,12.8,13.2,3.9,4.5,51692.0,3144.0,73405.0,5050.0
American Indian And Alaska Native Alone Or In Combination,2003,1752.0,100.0,12.3,12.5,10.4,12.9,16.5,12.5,13.9,4.7,4.3,53275.0,,71205.0,
American Indian And Alaska Native Alone Or In Combination,2002,1651.0,100.0,13.6,10.9,9.6,15.1,19.6,11.3,11.5,5.3,3.3,51385.0,,69157.0,
American Indian And Alaska Native Alone,2021,1430.0,100.0,14.8,11.5,9.0,12.9,17.9,12.1,10.6,5.3,5.9,51097.0,2532.0,73101.0,7727.0
American Indian And Alaska Native Alone,2020,1377.0,100.0,12.3,13.4,8.8,14.8,17.1,12.1,12.0,3.9,5.6,51151.0,4705.0,72766.0,6096.0
American Indian And Alaska Native Alone,2019,1329.0,100.0,14.2,9.2,10.2,15.0,14.9,13.6,13.4,5.6,3.9,52338.0,4100.0,69979.0,4852.0
American Indian And Alaska Native Alone,2018,1331.0,100.0,15.5,12.6,9.9,14.1,18.1,10.7,11.2,4.5,3.4,47232.0,5050.0,66456.0,4939.0
American Indian And Alaska Native Alone,2017,1327.0,100.0,17.9,11.3,12.7,13.1,15.5,11.5,8.8,4.2,5.1,42448.0,5369.0,66817.0,5809.0
American Indian And Alaska Native Alone,2017,1326.0,100.0,17.6,12.5,10.4,13.6,14.9,11.5,10.4,3.7,5.3,45559.0,4637.0,68389.0,6100.0
American Indian And Alaska Native Alone,2016,1314.0,100.0,16.1,11.2,10.1,15.3,17.1,10.5,10.9,3.7,5.2,47056.0,2657.0,71508.0,7747.0
American Indian And Alaska Native Alone,2015,1417.0,100.0,17.6,11.5,10.4,13.6,17.4,11.9,8.7,5.1,3.8,45662.0,4819.0,64025.0,4075.0
American Indian And Alaska Native Alone,2014,1264.0,100.0,16.1,10.7,12.4,12.9,17.2,11.6,11.6,4.1,3.5,47547.0,3232.0,64648.0,3647.0
American Indian And Alaska Native Alone,2013,1045.0,100.0,21.4,13.3,8.9,15.2,10.8,15.3,9.4,2.4,3.4,40028.0,7573.0,57600.0,6827.0
American Indian And Alaska Native Alone,2013,1108.0,100.0,16.1,15.0,12.6,14.1,19.5,8.8,9.5,2.4,2.0,41438.0,3182.0,53998.0,3973.0
American Indian And Alaska Native Alone,2012,1196.0,100.0,21.3,12.7,10.6,15.4,17.2,9.2,8.3,3.3,2.1,40648.0,3574.0,55874.0,4790.0
American Indian And Alaska Native Alone,2011,1108.0,100.0,17.3,15.3,12.0,15.5,16.1,9.3,8.4,2.7,3.4,39386.0,3646.0,56701.0,4284.0
American Indian And Alaska Native Alone,2010,1036.0,100.0,18.5,14.3,12.5,12.5,14.4,10.7,11.0,4.0,2.1,39867.0,4686.0,56670.0,4744.0
American Indian And Alaska Native Alone,2009,907.0,100.0,16.2,13.5,10.2,15.7,17.5,10.5,10.2,3.7,2.6,43664.0,2352.0,60695.0,4479.0
American Indian And Alaska Native Alone,2008,977.0,100.0,15.2,11.5,11.9,15.9,16.2,12.9,11.1,3.3,2.1,44482.0,3545.0,63329.0,6662.0
American Indian And Alaska Native Alone,2007,943.0,100.0,18.2,9.2,12.5,14.2,20.1,10.1,10.1,3.3,2.3,46697.0,3656.0,59903.0,4448.0
American Indian And Alaska Native Alone,2006,888.0,100.0,16.3,14.2,11.3,15.2,18.5,8.7,8.4,3.7,3.5,43430.0,2940.0,60007.0,4751.0
American Indian And Alaska Native Alone,2005,817.0,100.0,18.3,10.8,10.1,13.2,16.7,11.6,11.6,4.7,2.9,47163.0,4453.0,63504.0,4325.0
American Indian And Alaska Native Alone,2004,824.0,100.0,15.7,12.7,11.1,15.2,16.9,10.0,11.2,4.2,3.1,45552.0,3216.0,63958.0,5887.0
American Indian And Alaska Native Alone,2003,754.0,100.0,15.7,13.2,10.7,12.9,14.8,9.8,12.5,5.7,4.8,47629.0,,68530.0,
American Indian And Alaska Native Alone,2002,764.0,100.0,14.1,11.1,8.5,17.5,20.3,10.2,11.7,4.9,1.9,49426.0,,61741.0,
American Indian And Alaska Native,2001,1229.0,100.0,14.8,10.2,10.5,15.2,18.6,10.7,12.9,3.4,3.8,49216.0,,67639.0,
American Indian And Alaska Native,2000,1041.0,100.0,14.2,13.1,10.1,13.8,17.1,13.2,11.6,4.1,2.7,49426.0,,65435.0,
American Indian And Alaska Native,1999,961.0,100.0,16.4,13.2,11.4,9.7,18.1,14.4,9.8,4.5,2.6,49239.0,,63330.0,
American Indian And Alaska Native,1998,775.0,100.0,12.6,12.2,8.9,13.5,17.2,17.3,11.6,4.0,2.5,52525.0,,65091.0,
American Indian And Alaska Native,1997,823.0,100.0,12.9,14.8,10.0,14.2,18.7,11.2,11.3,4.3,2.6,47756.0,,62586.0,
American Indian And Alaska Native,1996,851.0,100.0,19.4,13.0,10.0,18.3,11.0,11.7,11.9,2.0,2.6,40932.0,,61330.0,
American Indian And Alaska Native,1995,763.0,100.0,16.2,15.9,13.1,14.8,16.8,7.7,11.5,3.3,0.7,38353.0,,52418.0,
American Indian And Alaska Native,1994,547.0,100.0,16.1,12.5,8.9,14.2,18.3,14.2,9.5,4.3,1.8,47639.0,,59186.0,
American Indian And Alaska Native,1993,614.0,100.0,16.8,12.5,10.6,15.9,19.8,11.9,6.9,3.8,1.8,44973.0,,55200.0,
American Indian And Alaska Native,1992,752.0,100.0,17.2,13.6,11.8,14.8,17.7,11.3,9.6,3.1,1.0,42987.0,,54281.0,
American Indian And Alaska Native,1991,608.0,100.0,15.8,10.8,12.5,14.6,19.0,12.1,11.6,3.1,0.6,46716.0,,56472.0,
American Indian And Alaska Native,1990,530.0,100.0,16.9,11.0,11.5,12.1,23.9,10.8,8.9,3.1,1.7,46341.0,,56891.0,
American Indian And Alaska Native,1989,511.0,100.0,18.9,18.9,10.5,12.1,19.4,7.7,9.7,1.7,1.0,36682.0,,49870.0,
American Indian And Alaska Native,1988,469.0,100.0,16.3,18.3,14.0,13.7,16.6,10.1,7.3,3.3,0.2,36432.0,,48916.0,
American Indian And Alaska Native,1987,469.0,100.0,20.1,14.3,11.2,14.7,18.3,10.7,7.3,2.4,1.0,39172.0,,50054.0,
Two Or More Races,2021,2330.0,100.0,11.4,7.8,8.7,11.5,16.4,10.7,18.1,7.1,8.3,63986.0,5019.0,90460.0,5274.0
Two Or More Races,2020,2242.0,100.0,9.9,8.1,7.4,8.9,18.0,12.6,16.9,8.1,10.2,72775.0,3373.0,106094.0,8018.0
Two Or More Races,2019,2269.0,100.0,8.6,9.4,9.5,11.7,17.5,11.5,13.5,9.2,9.2,65237.0,3453.0,93522.0,5862.0
Two Or More Races,2018,2207.0,100.0,10.8,10.4,9.8,11.6,18.1,12.0,14.1,5.4,7.6,59955.0,3856.0,84645.0,5918.0
Two Or More Races,2017,2086.0,100.0,11.4,8.3,11.2,12.8,17.7,11.9,13.1,4.8,8.7,58916.0,4249.0,83150.0,4754.0
Two Or More Races,2017,2094.0,100.0,10.8,7.9,11.6,13.5,16.9,12.6,13.7,5.2,7.7,59620.0,4970.0,83192.0,4729.0
Two Or More Races,2016,2015.0,100.0,10.0,11.1,9.0,13.3,18.6,12.2,11.9,7.2,6.6,58083.0,2755.0,82816.0,5243.0
Two Or More Races,2015,1870.0,100.0,13.7,10.3,10.0,10.9,18.8,11.2,12.3,7.5,5.3,56730.0,3281.0,80954.0,6999.0
Two Or More Races,2014,1793.0,100.0,13.1,11.6,10.0,12.5,16.9,11.6,13.0,5.5,5.7,53397.0,2911.0,77264.0,5112.0
Two Or More Races,2013,1843.0,100.0,11.2,10.2,11.0,11.8,18.1,9.5,13.7,7.6,6.9,56438.0,6609.0,96186.0,18060.0
Two Or More Races,2013,1860.0,100.0,13.3,9.2,11.9,13.2,16.7,10.9,14.0,5.0,5.9,53528.0,3035.0,74935.0,5158.0
Two Or More Races,2012,1776.0,100.0,13.8,11.0,10.7,12.2,18.1,10.1,12.8,6.0,5.3,52382.0,2716.0,73529.0,4820.0
Two Or More Races,2011,1764.0,100.0,13.3,10.0,11.6,13.6,16.6,12.3,11.9,5.0,5.6,52844.0,4787.0,74572.0,4289.0
Two Or More Races,2010,1810.0,100.0,13.9,10.7,9.7,13.4,18.3,9.8,12.8,6.6,4.8,52085.0,2321.0,74155.0,4633.0
Two Or More Races,2009,1484.0,100.0,13.1,9.3,11.2,13.1,17.1,11.5,12.5,6.2,6.0,53342.0,2395.0,76546.0,3899.0
Two Or More Races,2008,1465.0,100.0,11.5,9.0,9.8,13.8,17.1,12.5,14.9,6.3,5.0,56485.0,3994.0,78361.0,4903.0
Two Or More Races,2007,1457.0,100.0,11.4,11.0,8.7,13.1,15.8,13.2,14.0,6.6,6.1,56136.0,4511.0,77265.0,3536.0
Two Or More Races,2006,1393.0,100.0,9.7,9.7,9.7,12.7,17.9,12.4,14.7,7.8,5.4,60002.0,4292.0,80071.0,5008.0
Two Or More Races,2005,1506.0,100.0,12.1,8.2,11.2,13.1,17.2,11.1,15.8,5.9,5.3,57917.0,3684.0,79470.0,5093.0
Two Or More Races,2004,1517.0,100.0,10.3,9.7,7.7,13.7,19.2,13.6,15.2,5.0,5.4,59904.0,2445.0,81290.0,5902.0
Two Or More Races,2003,1407.0,100.0,9.0,11.2,10.0,12.8,17.5,14.4,15.8,4.9,4.2,60246.0,,76748.0,
Two Or More Races,2002,1243.0,100.0,12.5,9.7,9.2,13.7,19.1,12.3,12.5,6.0,5.1,55278.0,,79382.0,
Hispanic (Any Race),2021,19230.0,100.0,11.2,8.3,9.4,13.9,18.4,12.0,14.3,5.9,6.6,57981.0,1585.0,80879.0,1653.0
Hispanic (Any Race),2020,18340.0,100.0,10.1,9.2,10.0,14.1,18.4,12.8,13.8,5.9,5.7,58015.0,1213.0,78803.0,1472.0
Hispanic (Any Race),2019,17667.0,100.0,10.1,8.1,10.2,13.5,19.2,12.5,13.9,6.3,6.1,59467.0,1243.0,79543.0,1718.0
Hispanic (Any Race),2018,17758.0,100.0,10.6,10.1,10.5,14.2,18.3,13.3,12.6,5.4,5.0,55513.0,793.0,76547.0,1746.0
Hispanic (Any Race),2017,17336.0,100.0,11.1,10.0,10.7,14.3,18.4,12.5,12.9,5.1,5.1,55448.0,838.0,74785.0,1671.0
Hispanic (Any Race),2017,17318.0,100.0,10.8,10.0,10.8,14.1,17.9,12.8,13.3,5.5,4.9,55800.0,796.0,75510.0,1571.0
Hispanic (Any Race),2016,16915.0,100.0,11.1,10.4,10.2,15.1,17.9,12.5,12.9,5.4,4.5,53827.0,1256.0,75436.0,1501.0
Hispanic (Any Race),2015,16667.0,100.0,12.0,10.7,12.2,14.0,18.2,11.8,11.8,4.8,4.5,51631.0,1157.0,72746.0,1575.0
Hispanic (Any Race),2014,16239.0,100.0,12.7,11.6,12.4,14.4,18.6,11.3,11.7,3.9,3.3,48676.0,972.0,65909.0,1236.0
Hispanic (Any Race),2013,16088.0,100.0,12.8,13.0,13.2,15.1,16.6,10.0,10.8,4.2,4.4,46234.0,2277.0,67122.0,3262.0
Hispanic (Any Race),2013,15811.0,100.0,13.2,12.1,12.4,14.5,18.1,11.6,11.3,4.0,2.8,47720.0,1058.0,63658.0,1412.0
Hispanic (Any Race),2012,15589.0,100.0,14.1,12.4,11.6,16.0,17.7,10.6,10.8,3.7,3.0,46113.0,1038.0,63157.0,1357.0
Hispanic (Any Race),2011,14939.0,100.0,13.7,11.7,11.8,16.5,18.4,10.4,10.6,3.9,3.0,46629.0,1086.0,63203.0,1180.0
Hispanic (Any Race),2010,14435.0,100.0,13.8,12.2,11.7,15.6,17.8,10.9,10.8,4.2,2.9,46863.0,1192.0,64002.0,1352.0
Hispanic (Any Race),2009,13298.0,100.0,11.9,11.9,12.5,15.4,17.8,11.7,11.3,4.3,3.3,48152.0,1045.0,66115.0,1193.0
Hispanic (Any Race),2008,13425.0,100.0,11.9,11.9,11.8,16.2,18.1,11.5,11.3,4.3,3.1,47826.0,1008.0,65056.0,1108.0
Hispanic (Any Race),2007,13339.0,100.0,11.2,11.2,11.9,15.6,18.5,12.8,11.8,4.0,3.0,50666.0,1121.0,66580.0,1153.0
Hispanic (Any Race),2006,12973.0,100.0,11.4,10.8,11.4,15.9,19.2,11.6,11.9,4.3,3.4,50893.0,1119.0,68128.0,1285.0
Hispanic (Any Race),2005,12519.0,100.0,11.5,10.5,13.0,15.3,19.3,12.0,11.2,4.0,3.2,50020.0,817.0,65556.0,1084.0
Hispanic (Any Race),2004,12178.0,100.0,11.8,11.0,12.4,15.3,20.0,11.1,11.2,4.0,3.0,49276.0,1135.0,65964.0,1327.0
Hispanic (Any Race),2003,11693.0,100.0,11.4,11.3,11.7,16.7,19.1,11.3,11.7,3.6,3.3,48726.0,1115.0,65665.0,1195.0
Hispanic (Any Race),2002,11339.0,100.0,10.9,11.3,11.6,16.2,18.3,12.9,11.5,4.2,3.0,49993.0,1197.0,67789.0,1491.0
Hispanic (Any Race),2001,10499.0,100.0,10.4,12.0,10.7,15.6,19.6,12.1,12.2,4.2,3.1,51490.0,1075.0,68085.0,1416.0
Hispanic (Any Race),2000,10034.0,100.0,10.2,11.1,11.6,15.2,19.7,13.0,12.5,3.7,3.2,52329.0,1241.0,69384.0,1643.0
Hispanic (Any Race),1999,9579.0,100.0,10.6,12.1,11.4,16.4,18.8,11.9,12.1,3.8,3.0,50154.0,1199.0,65886.0,1924.0
Hispanic (Any Race),1998,9060.0,100.0,13.7,13.0,11.1,15.6,18.2,11.8,10.3,3.7,2.7,47197.0,1496.0,63773.0,2231.0
Hispanic (Any Race),1997,8590.0,100.0,14.5,12.7,12.3,15.1,19.0,11.3,9.6,3.2,2.4,44962.0,1319.0,60590.0,2011.0
Hispanic (Any Race),1996,8225.0,100.0,14.7,13.7,13.3,15.1,18.2,10.4,9.7,2.6,2.3,42964.0,1371.0,58660.0,2233.0
Hispanic (Any Race),1995,7939.0,100.0,16.3,14.1,12.9,15.9,17.6,10.0,8.8,2.7,1.6,40484.0,1451.0,55256.0,2039.0
Hispanic (Any Race),1994,7735.0,100.0,16.3,13.9,12.0,15.6,18.0,10.0,9.3,2.9,2.0,42477.0,1298.0,57278.0,2351.0
Hispanic (Any Race),1993,7362.0,100.0,15.1,14.4,12.1,16.5,18.8,9.5,9.5,2.5,1.7,42374.0,1401.0,56084.0,1940.0
Hispanic (Any Race),1992,7153.0,100.0,15.1,14.1,12.4,15.8,18.8,10.6,9.1,2.7,1.4,42893.0,1458.0,54710.0,1415.0
Hispanic (Any Race),1991,6379.0,100.0,14.4,13.7,11.6,16.2,18.7,11.5,9.1,2.8,1.9,44143.0,1510.0,56167.0,1478.0
Hispanic (Any Race),1990,6220.0,100.0,14.2,13.9,11.5,15.4,20.0,11.4,9.2,2.6,1.8,45021.0,1519.0,56396.0,1529.0
Hispanic (Any Race),1989,5933.0,100.0,14.6,11.2,11.9,15.6,18.9,12.2,10.5,3.1,2.0,46376.0,1479.0,59220.0,1674.0
Hispanic (Any Race),1988,5910.0,100.0,15.2,12.5,12.3,14.9,18.8,12.2,9.4,2.5,2.1,44954.0,1874.0,57395.0,2001.0
Hispanic (Any Race),1987,5642.0,100.0,15.7,12.9,12.7,15.1,18.3,11.2,9.6,2.8,1.8,44238.0,1581.0,56707.0,1727.0
Hispanic (Any Race),1986,5418.0,100.0,15.5,13.4,12.2,15.7,18.0,11.5,9.8,2.8,1.1,43431.0,1861.0,54840.0,1483.0
Hispanic (Any Race),1985,5213.0,100.0,15.7,14.5,12.3,15.3,19.3,10.7,9.1,2.1,1.0,42055.0,1616.0,52549.0,1406.0
Hispanic (Any Race),1984,4883.0,100.0,16.6,14.1,11.7,14.7,20.3,10.9,8.6,2.1,1.1,42321.0,1745.0,52625.0,1688.0
Hispanic (Any Race),1983,4326.0,100.0,16.3,15.0,11.9,16.5,19.2,10.5,7.9,2.1,0.7,41265.0,1720.0,50249.0,1588.0
Hispanic (Any Race),1982,4085.0,100.0,15.9,15.4,12.2,16.0,19.0,10.8,8.4,1.2,1.1,41058.0,1784.0,50672.0,1691.0
Hispanic (Any Race),1981,3980.0,100.0,14.2,12.8,13.5,15.8,21.2,10.9,9.3,1.5,0.9,43887.0,1977.0,52702.0,1656.0
Hispanic (Any Race),1980,3906.0,100.0,14.6,13.0,13.7,16.3,19.3,12.1,8.3,1.8,0.9,42854.0,1911.0,52344.0,1714.0
Hispanic (Any Race),1979,3684.0,100.0,13.0,12.4,12.2,17.2,20.8,12.2,8.9,2.2,1.0,45527.0,2159.0,55085.0,1820.0
Hispanic (Any Race),1978,3291.0,100.0,12.6,12.8,12.8,18.1,20.5,12.7,8.0,1.7,0.8,45109.0,1798.0,53284.0,1773.0
Hispanic (Any Race),1977,3304.0,100.0,12.5,14.9,12.5,18.5,20.7,11.8,6.9,1.8,0.5,43482.0,1256.0,51315.0,1303.0
Hispanic (Any Race),1976,3081.0,100.0,14.7,14.2,13.6,17.2,20.3,11.6,6.2,1.7,0.4,41545.0,1457.0,49096.0,1314.0
Hispanic (Any Race),1975,2948.0,100.0,14.7,14.4,14.3,17.6,21.4,10.3,5.7,1.0,0.7,40704.0,1480.0,48321.0,1412.0
Hispanic (Any Race),1974,2897.0,100.0,11.9,14.2,13.5,18.2,22.1,11.3,6.9,1.3,0.7,44253.0,1594.0,51264.0,1373.0
Hispanic (Any Race),1973,2722.0,100.0,11.1,13.1,13.7,18.4,22.4,12.6,6.9,1.3,0.5,44513.0,1663.0,51717.0,1385.0
Hispanic (Any Race),1972,2655.0,100.0,10.8,14.7,13.3,19.6,23.7,10.1,6.1,1.1,0.8,44587.0,1433.0,51249.0,1433.0
